
 <?xml version="1.0" encoding="UTF-8"?> 
<NSGBatch UserBatchRef="BatchReg'Test" Email="ravishankar.madduri@finra.org" xmlns:xsi="http://www.w3.org/2001/XMLSchema-instance" xsi:noNamespaceSchemaLocation="file:///F:/TFS/RAD/Development/2012.4/FSG/release/nsgst/ftdocs/html/FSG-CRDFormFiling.xsd"> 
<NSGRequest AppId="CRDFF" UserReqRef="test"> 
<CRDFormFiling filingType="Amendment" formType="U4" version="05/2009"> 
<GeneralInformation firmCRDNumber="265" individualCRDNumber="6075141"> 
<Name first="Jerry" last="seinfeld" /> 
</GeneralInformation> 
<SROs> 
<SRO sroRequested="FINRA" registrationCategory="OP"/> 
<SRO sroRequested="FINRA" registrationCategory="IR"/> 
<SRO sroRequested="FINRA" registrationCategory="SU"/> 
</SROs> 
<ExamRequests> 
<ExamRequest examCode="S9"/> 
</ExamRequests> 
<Signatures> 
<IndividualAmendmentSignature signature="sign indv" date="2012-10-24"/> 
<FirmAmendmentSignature date="2012-10-24" signature="ravi"/> 
</Signatures> 
</CRDFormFiling> 
</NSGRequest> 
</NSGBatch> 