
 <?xml version="1.0" encoding="UTF-8"?> 
<NSGBatch UserBatchRef="BatchReg'Test" Email="ravishankar.madduri@finra.org" xmlns:xsi="http://www.w3.org/2001/XMLSchema-instance" xsi:noNamespaceSchemaLocation="file:///F:/TFS/RAD/Development/2012.4/FSG/release/nsgst/ftdocs/html/FSG-CRDFormFiling.xsd"> 
<NSGRequest AppId="CRDFF" UserReqRef="test"> 
<CRDFormFiling filingType="Initial" formType="U4" version="05/2009"> 
<GeneralInformation firmCRDNumber="265" employmentDate="2012-10-15" individualSSN="786-42-9543" indpntContractor="Y"> 
<Name first="Jerry" last="Seinfeld" middle="" suffix=""/> 
<RegisteredBranch mainOfcBDFl="Y" typeOfOffice="S"/> 
</GeneralInformation> 
<FingerprintInformation barCodeAvailCode="PRVD" barCode="2012102401"/> 
<SROs> 

#foreach ($val in  $dataset.position.value.split("~"))
#set( $value = 1 )
#foreach ($element in  $val.split("_"))
 		#if( $value == 1 )
       			 <SRO sroRequested="$element" #end#if( $value == 2 )registrationCategory="$element"/> 
    		#end
		#set( $value = $value + 1 )
#end
#end
</SROs>
<ExamRequests> 
<ExamRequest examCode="S7"/> 
<ExamRequest examCode="S24"/> 
</ExamRequests> 
<IdentifyingInformation dateOfBirth="1966-02-11" stateProvinceOfBirth="IL" countryOfBirth="USA" gender="M" weight="188" hairColor="WHI" eyeColor="BLU"> 
<Name last="Seinfeld" first="Jerry" middle="" suffix=""/> 
<Height feet="5" inches="09"/> 
</IdentifyingInformation> 
<OtherNames> 
<Name first="Gerard" last="Seinfeld" middle="" suffix=""/> 
</OtherNames> 
<ResidentialHistories> 
<ResidentialHistory> 
<Address street1="2101 Conn. Ave.-3" city="Washington" state="DC"/> 
<DateRange fromDate="2002-04"/> 
</ResidentialHistory> 
</ResidentialHistories> 
<EmploymentHistories> 
<EmploymentHistory name="Seinfeld" city="New York" state="NY" positionHeld="Actor"> 
<DateRange fromDate="1996-01" toDate="2012-09"/> 
</EmploymentHistory> 
</EmploymentHistories> 
<OtherBusiness currentlyEngaged="N"/> 
<Signatures> 
<IndividualSignature signature="sign indv" date="2010-10-24"/> 
<FirmSignature date="2012-10-24" signature="mvrs"/> 
</Signatures> 
</CRDFormFiling> 
</NSGRequest> 
</NSGBatch> 