<?xml version="1.0" encoding="UTF-8"?>
<NSGBatch xmlns:xsi="http://www.w3.org/2001/XMLSchema-instance"
    Email="ravishankar.madduri@finra.org"
    UserBatchRef="BatchReg&apos;Test"
    xsi:noNamespaceSchemaLocation="file:///F:/TFS/RAD/Development/2012.4/FSG/release/nsgst/ftdocs/html/FSG-CRDFormFiling.xsd" >

    <NSGRequest
        AppId="CRDFF"
        UserReqRef="test" >

        <CRDFormFiling
            filingType="Initial"
            formType="U4"
            version="05/2009" >

            <GeneralInformation
                employmentDate="2012-10-15"
                firmCRDNumber="265"
                individualSSN="786-42-9543"
                indpntContractor="Y" >

                <Name
                    first="Jerry"
                    last="Seinfeld"
                    middle=""
                    suffix="" />

                <RegisteredBranch
                    mainOfcBDFl="Y"
                    typeOfOffice="S" />
            </GeneralInformation>

            <FingerprintInformation
                barCode="2012102401"
                barCodeAvailCode="PRVD" />

            <SROs>
                <SRO

	  #set( $value = 1 )
       #foreach ($element in  $dataset.sroRequested_registrationCategory.value.split("_"))

 #if( $value == 1 )
        registrationCategory="$element"
    #end
 #if( $value == 2 )
                    sroRequested="$element" />
    #end
		#set( $value = $value + 1 )
#end

            </SROs>

            <ExamRequests>

                <ExamRequest examCode="$dataset.examCode.value" />


            </ExamRequests>

            <IdentifyingInformation
                countryOfBirth="USA"
                dateOfBirth="1966-02-11"
                eyeColor="BLU"
                gender="M"
                hairColor="WHI"
                stateProvinceOfBirth="IL"
                weight="188" >

                <Name
                    first="$dataset.firstname.value"
                    last="$dataset.lastname.value"
                    middle=""
                    suffix="" />

                <Height
                    feet="5"
                    inches="09" />
            </IdentifyingInformation>

            <OtherNames>

                <Name
                    first="Gerard"
                    last="Seinfeld"
                    middle=""
                    suffix="" />
            </OtherNames>

            <ResidentialHistories>

                <ResidentialHistory>

                    <Address
                        city="Washington"
                        state="DC"
                        street1="2101 Conn. Ave.-3" />

                    <DateRange fromDate="2002-04" />
                </ResidentialHistory>
            </ResidentialHistories>

            <EmploymentHistories>

                <EmploymentHistory
                    name="Seinfeld"
                    city="New York"
                    positionHeld="Actor"
                    state="NY" >

                    <DateRange
                        fromDate="1996-01"
                        toDate="2012-09" />
                </EmploymentHistory>
            </EmploymentHistories>

            <OtherBusiness currentlyEngaged="N" />

            <Signatures>

                <IndividualSignature
                    date="2010-10-24"
                    signature="sign indv" />

                <FirmSignature
                    date="2012-10-24"
                    signature="mvrs" />
            </Signatures>
        </CRDFormFiling>
    </NSGRequest>

</NSGBatch>